key,zh
_title,HEYDAY GROUP | 整合營銷
_desc,HEYDAY GROUP（盛世前程）——具有策略屬性和資源屬性的整合營銷公司，24年持續為客戶創造價值。
ls_en,EN
ls_zh,繁
ls_uz,UZ
nav_about,關於我們
nav_history,發展歷程
nav_services,業務優勢
nav_cases,營銷案例
nav_team,團隊
nav_contact,聯絡我們
hero_eyebrow,盛世前程
hero_subtitle,
hero_cta1,探索 HEYDAY
hero_cta2,查看案例
hero_scroll,向下滾動
about_eyebrow,關於 HEYDAY
about_title,什麼是盛世前程？
about_desc,盛世前程是一家具有策略屬性和資源屬性的整合營銷公司。
about_card1_title,體系化營銷策略制定
about_card1_desc,以全職全球化團隊與標準化全球運營平臺，成為中國領先的體系化營銷運營商。
about_card2_title,體驗場景創建
about_card2_desc,疊塊化·自動化·輕量化·智慧化——以自研科技展具集群與優質創意內容，為每一層級市場打造體驗場景。
about_card3_title,內容策略及渠道分發
about_card3_desc,面向消費者的內容創作與國內外多渠道分發。
about_card4_title,千人級別會議策劃運營
about_card4_desc,為千人級別大會提供全流程整合營銷服務——涵蓋策略、統籌、製作、現場運營與傳播。
about_card5_title,海外策略制定與落地運營
about_card5_desc,覆蓋歐洲、美洲、中亞與東南亞的品牌出海全鏈路服務。
about_cap1_kw,策略
about_cap2_kw,場景
about_cap3_kw,傳播
about_cap4_kw,會議
about_cap5_kw,海外
tl_eyebrow,HEYDAY 大事記
tl_title,不斷進步的盛世前程
tl_desc,從移動巡展開創者到全球化整合營銷夥伴的進階之路。
tl_2002_title,巡展入局
tl_2002_desc,於首都北京成立總部，並正式進入移動巡展領域。
tl_2008_title,進軍車企
tl_2008_desc,與車企展開合作，突破地域局限，業務遍及全國。
tl_2015_title,提出大整合
tl_2015_desc,審時度勢，緊跟數字化潮流，與電商合作，落實大整合理念。
tl_2019_title,品牌升級
tl_2019_desc,完成全新品牌形象升級，做中華文化的傳承者，做中國廣告界的百年老店。
tl_2023_title,戰略轉型
tl_2023_desc,真正轉型為具有資源屬性和策略屬性的整合營銷公司。
tl_2024_title,揚帆出海
tl_2024_desc,歐洲、美洲、中亞、東南亞海外項目全面推進、落地，助力品牌名揚國際，製造新浪。
tl_vision,以做中國廣告界百年老店為願景，砥礪向遠，日日自新。
adv_eyebrow,盛世前程
adv_title,獨家優勢
adv_desc,以數十項專利展具打造沉浸式品牌體驗，用科技基因與全域傳播讓營銷精準觸達。
adv_card1_title,自動化體驗展具及市場開拓空間運營
adv_card1_desc,基於盛世自動化體驗展具研發平台，爲品牌打造震撼人心的產品體驗。
adv_card2_title,科技驅動：數十項展具專利認證
adv_card2_desc,我們是一家『偽裝』成廣告公司的科技公司。
adv_card3_title,傳播內容製作與渠道分發
adv_card3_desc,強大的內容創意製作能力，配合精準媒介策略，讓內容高效觸達人群。
adv_card4_title,海外傳播
adv_card4_desc,覆蓋歐洲、美洲、中亞與東南亞的本地化體驗營銷，助力品牌全球化增長。
adv_card5_title,視頻製作及社媒分發
adv_card5_desc,高衝擊力內容創作與社群平台精準分發。
gl_eyebrow,全球佈局
gl_title,在全球範圍內提供整合營銷落地服務
gl_hub_label,全球總部
gl_item1_label,中國區總部 — 盛世前程
gl_item1_city,北京
gl_item1_addr,北京市朝陽區駝房營路8號新華科技大廈B座
gl_item2_label,執行中心 — 盛世前程
gl_item2_city,瀋陽
gl_item2_addr,瀋陽市渾南新區新隆街1-26號金廊萬科中心
gl_item3_label,客戶中心 — 盛世前程
gl_item3_city,上海
gl_item3_addr,上海市徐匯區淮海中路1329號
gl_item4_label,研發中心 — 盛世前程
gl_item4_city,廣州
gl_item4_addr,廣州市海珠區新港中路397號
gl_item5_label,國際總部 — HEYDAY GROUP
gl_item5_city,中國香港
gl_item5_addr,香港九龍尖沙咀廣東道17號海港城環球金融中心南座13A樓
gl_item6_label,歐洲區總部 — HEYDAY CREATIVE
gl_item6_city,西班牙 · 馬德里
gl_item6_addr,"Calle de Alcalá 618, 28022 Madrid, Spain"
gl_item7_label,中亞區總部 — HEYDAY EVENT
gl_item7_city,烏茲別克 · 塔什干
gl_item7_addr,"TOSHKENT VILOYATI, ZANGIOTA TUMANI, M39 AVTOMAGISTRAL YULI KO'CHASI, 14-UY"
gl_item8_label,東南亞區總部 — HEYDAY Group Sdn Bhd
gl_item8_city,馬來西亞 · 吉隆坡
gl_item8_addr,"L3-023, Level 3, MyTown Shopping Centre, No. 6, Jalan Cochrane, 55100 Kuala Lumpur"
pt_eyebrow,商業合作夥伴
pt_title,感謝全球品牌的長久信任
brand_midea,美的
brand_wuling,五菱
brand_faw_toyota,一汽豐田
brand_gac_honda,廣汽本田
brand_hongqi,一汽紅旗
brand_yadea,雅迪
brand_jd,京東
brand_wuliangye,五糧液
pcat_internet,互聯網品牌
pcat_appliance,家電第一品牌
pcat_passenger,乘商網紅品牌
pcat_new_energy,新能源第一品牌
pcat_battery,電池第一品牌
pcat_joint,合資品牌
pcat_two_wheeler,兩輪第一品牌
pcat_since,始於
case_eyebrow,營銷案例
case_title,體系化體驗營銷案例
case_desc,讓營銷體系與品牌共同進化。
cs_more,查看詳情
cs_less,收起
cs01_d1,2012-唐戰番邦時代 —— 田忌賽馬、以小博大
cs01_d2,2015-超級體驗日時代 —— 體驗為王、重塑認知
cs01_d3,2023-超級體驗日矩陣時代 —— IP孵化、夯實口碑
cs01_d4,
cs02_d1,方程豹 豹力體驗日\n打造『鋼鐵叢林』大型試駕綜合體，以差異化體驗展現品牌獨特產品魅力
cs02_d2,騰勢 易三方科技體驗日\n專項打造極致場景，演繹『易三方』極智科技性能
cs02_d3,
cs02_d4,
cs03_d1,比亞迪C/D級車展\n自主研發全國首個自動化展具，破局線下車展營銷效能
cs03_d2,比亞迪科技街區\n以輕量化、高頻次的下沉體驗，為品牌市場拓展提供強有力支撐
cs03_d3,
cs03_d4,
cs04_d1,2018-萬店升級時代——巡展+異業，提升美的終端影響力，實現站均破百萬銷售額
cs04_d2,2021-高端化形象塑造時代——針對東芝、COLMO等品牌定位，構建高端體驗場景
cs04_d3,2025-一個美的時代——集團化發展戰略下，定制各品牌的專項營銷活動方案
cs04_d4,
cs05_d1,持續鞏固B端專業形象
cs05_d2,向C端市場積極滲透
cs05_d3,『選電車看電池，認準寧德時代』植入用戶心智
cs05_d4,認知層面強化品牌首選地位
cs06_d1,雅迪冠能中國行活動總曝光2億+，線上資源曝光1億+
cs06_d2,助力冠能系列全球累計銷量突破1500萬台
cs06_d3,IP賦能，打造年輕用戶潮流打卡地
cs06_d4,
cs07_d1,線索收集累計310組/場
cs07_d2,異業前宣/現場導流142組/場
cs07_d3,單站獲客率提升21倍
cs07_d4,互聯網思維+演算法補強的品牌營銷轉型之作
cs08_d1,年均1369場活動，業內第一大規模巡展
cs08_d2,聯動京東家電專賣店4356家
cs08_d3,影響847.4萬受眾，拉新客戶59314餘批
cs08_d4,『極限下沉』渠道戰略盤活全國門店
cs09_d1,2020年異業試水-線索量同比增加456%
cs09_d2,2022年IP場景賦能-曝光提升285%，集客提升46%，轉化提升20%
cs09_d3,2023年單年整合活動場次367場
cs09_d4,
cs10_d1,匹配微車之王、MINIEV、渠道下沉三大時代，輸出對應營銷體系
cs10_d2,整合線下展會、城市巡展等活動形式，打造年輕化傳播內容
cs10_d3,貼合用戶訴求，完成認知到情感認同，賦能銷售與市場覆蓋
cs10_d4,
cs11_d1,構建『互動—體驗—消費』直播方案，提升用戶參與深度
cs11_d2,多平臺矩陣+紅人資源，快速放大活動聲量
cs11_d3,全平臺觀看量310萬+，彈幕評論11萬+，試駕預約及購車留資540組+
cs11_d4,
cs12_d1,突破時空限制，以專業試駕場和真實道具全程上陣，增強內容可信度
cs12_d2,融合多地實景與劇情設計，提升直播觀賞性和傳播力
cs12_d3,通過豐富互動形式，讓用戶身臨其境，有效彌補線上體驗缺失
cs12_d4,
cs13_d1,外賓統籌：針對多國別、多語言、密動線，搭建從註冊簽到到交通接駁的全流程服務體系
cs13_d2,一體執行：會議、參觀、試駕、酒會、接待無縫串聯，營造專業友好的交流體驗
cs13_d3,
cs13_d4,
cs14_d1,極端天氣：場地勘測、環境分析、動線評估全到位，保溫預案保落地
cs14_d2,極限工期：跨區統籌+精細物流+應急預案，確保按時交付
cs14_d3,
cs14_d4,
cs15_d1,2020千人大會：12小時報備，1場變6場同期落地，線上線下無縫切換
cs15_d2,2024智電發佈：以『時間』為主題，樹立『傳承與進化』的技術形象
cs15_d3,
cs15_d4,
cs16_d1,音樂節場景賦能品牌，精準觸達年輕用戶喜好
cs16_d2,定製騎行深度連接圈層，聲浪與情感雙重共振
cs16_d3,潮流時下話題引爆，樹立行業音樂節營銷新標杆
cs16_d4,
cs17_d1,博鰲國家級舞臺，彰顯品牌高端站位
cs17_d2,『大國濃香』品質呈現，盡顯中國酒王風采
cs17_d3,向世界傳遞文化自信，彰顯中國企業接待能級
cs17_d4,
cs18_d1,議程全面定製，精準匹配不同行業客戶需求
cs18_d2,搭建、物料、流程、設備，全鏈路嚴苛品控零失誤
cs18_d3,突破傳統範式，多元體驗賦能沉浸式沙龍
cs18_d4,
cs19_d1,五城接力，刷新境外巡展規模
cs19_d2,攻克國際物流、跨文化管理、在地化運營難題
cs19_d3,從單點突破到系統佈局的跨越
cs19_d4,為BYD中亞市場長期深耕奠定基礎
cs20_d1,24小時專項海外運維小組跟進
cs20_d2,9個月深入溝通研判、全程培訓指導
cs20_d3,自研自動化展具刷新海外成展效能
cs20_d4,屬地化特色運營增強經銷商紮根信心
cs21_d1,精準洞察市場風向，定製配套方案
cs21_d2,獲客戶和地方經銷商高度評價認可
cs21_d3,助力品牌上市發佈圓滿成功，獲客戶與經銷商高度評價
cs21_d4,
cs22_d1,定製方案呼應經銷商訴求與歐洲市場特性
cs22_d2,體系化運營搭建品牌與渠道共生紐帶
cs22_d3,築牢歐洲戰略支點，賦能新能源全球佈局
cs22_d4,
cs23_d1,自動化展具快速落地，三重標準嚴保品質
cs23_d2,足球互動將品牌技術嫁接英倫體育文化
cs23_d3,本地網紅本土化宣講
cs23_d4,真實場景建立信任，鬆弛溝通弱化商業感
cs24_d1,全鏈統籌，破解場地、會務、媒體對接痛點
cs24_d2,極限搭建撤展，各環節零失誤
cs24_d3,本土化運營，賦能技術傳播與市場佈局
cs24_d4,
cs25_d1,貓咪改裝車打卡，激發UGC社交裂變
cs25_d2,實景秀硬核技術，電池車身智駕直面用戶
cs25_d3,『看-觸-拍-享』閉環，持續引流沉澱線索
cs25_d4,
cs26_d1,體系化運營平臺打造高標準國際場景
cs26_d2,展示品牌和產品的多樣性
cs26_d3,積極傳遞品牌『和美』的價值主張
cs26_d4,展現中國白酒的獨特韻味和深厚底蘊
cs27_d1,攜手省政府，搭建北歐經貿文化交流橋樑
cs27_d2,以產品風味與品牌底蘊，贏得國際讚譽
cs27_d3,讓中國白酒走向世界，夯實國際合作根基
cs27_d4,
cs28_d1,華盛頓頂尖交響樂團，在林肯劇院實現中西交融
cs28_d2,以藝術無形傳達品牌調性
cs28_d3,借勢高端文化場景，提升品牌國際影響力
cs28_d4,
cap1_label,策略
cap1_title,體系化營銷策略制定
cap1_desc,中國領先的體系化營銷運營商。
cs01_tag,汽車 · 策略
cs01_title,比亞迪體驗營銷體系化標杆
cs01_desc,十餘載戰略洞察疊加蜂群式IP矩陣，以177場全國深耕的精準制導與體系化作戰平臺，立體打造中國最強體驗營銷IP。
cs02_tag,汽車 · 雙IP矩陣
cs02_title,比亞迪『體驗日IP』體系化矩陣
cs02_desc,十餘年體系賦能騰勢與方程豹，以差異化體驗內容兼顧品牌獨立氣質與集團統一框架，構建可複製、可孵化的雙IP矩陣。
cs03_tag,汽車 · 多級市場
cs03_title,比亞迪多級市場體系化深耕
cs03_desc,延續『體驗日』IP勢能，針對D/C級車展與千縣級下沉市場，自主研發自動化展具，實現全國同期高頻次品牌露出。
cap2_label,場景
cap2_title,體驗場景創建
cap2_desc,模塊化 · 自動化 · 輕量化 · 智能化——結合自主展具與優質創意內容，為每一層級市場構建體驗場景。
cs04_tag,家電 · 場景
cs04_title,美的集團多級體驗場景創建
cs04_desc,多層級巡展帶動美的、東芝、小天鵝、華凌、COLMO多品牌協同曝光，構建立體化營銷矩陣。
cs05_tag,新能源 · 場景
cs05_title,寧德時代客群體驗場景創建
cs05_desc,聚焦高流量商圈打造電池科技體驗展，並面向商用車司機打造『技術體驗+行業交流』的深度溝通。
cs06_tag,兩輪 · 場景
cs06_title,雅迪年輕化轉型場景創建
cs06_desc,為品牌打造超級場景，捕獲年輕群體。以營銷力做實產品力，以產品力提升品牌力。
cs07_tag,汽車 · 旗艦館
cs07_title,紅旗——遇見紅旗 旗艦館
cs07_desc,以互聯網思維與異業合作加持傳播曝光，打造華人駕乘最高儀式，擴大品牌影響力。
cs08_tag,電商 · 渠道
cs08_title,京東家電線下場景拓展
cs08_desc,落實『極限下沉』渠道戰略，從『線上第一渠道』，成為『線下第一覆蓋』。
cs09_tag,汽車 · 異業拓展
cs09_title,廣汽本田異業場景拓展系列
cs09_desc,整合場景，資源賦能，京東\美的\抖音\快手\B站共同發力，盤活品牌線下勢能。
cap3_label,傳播
cap3_title,內容策略及渠道分發
cap3_desc,面向全球各級消費者的內容創作與媒介渠道分發。
cs10_tag,汽車 · 病毒傳播
cs10_title,上汽通用五菱傳播事件出圈系列
cs10_desc,圍繞五菱『國民神車』品牌定位，以年均超千場的線下巡展與整合傳播事件，強化品牌與消費者的情感連接。
cs11_tag,汽車 · 直播
cs11_title,長安『健康長安，伴您出行』直播活動
cs11_desc,應對疫情營銷困境，打造『體驗+娛樂』融合直播，搭建雲端轉化場景。
cs12_tag,汽車 · 直播
cs12_title,比亞迪系列直播
cs12_desc,打造『輕綜藝』全渠道複合體驗，突破傳統直播形式，開創雲端試駕先河。
cap4_label,會議
cap4_title,千人級別會議策劃運營
cap4_desc,為千人級大會提供從策略、設計、搭建到統籌、運營、傳播的全方位整合營銷解決方案。
cs13_tag,汽車 · 大會
cs13_title,吉利汽車國際商業夥伴大會
cs13_desc,100多個國家和地區的1000多位經銷商代表參會，盛世發揮全流程專業策劃、高標準執行落地與高效協同能力。
cs14_tag,汽車 · 發佈會
cs14_title,長安汽車天樞智慧新安全成果發佈暨寧德時代鈉電戰略全球發佈會
cs14_desc,在零下35°C的牙克石打造一場『冰雪實煉』，助力寧德時代全球鈉電戰略重磅首發。
cs15_tag,汽車 · 大會
cs15_title,一汽豐田大會體系
cs15_desc,多年來盛世持續深度參與品牌年度經銷商大會與新技術發佈活動的策劃與執行。
cs16_tag,兩輪 · 活動IP
cs16_title,雅迪717全球騎行音樂會
cs16_desc,集萬人演唱會、騎行文化、潮流體驗於一體的現象級IP活動。
cs17_tag,白酒 · 論壇
cs17_title,五糧液博鰲論壇
cs17_desc,助力五糧液深度融入國家主場外交，以國家級禮遇，展現『大國濃香』的卓越品質。
cs18_tag,科技 · 沙龍
cs18_title,騰訊會議沙龍
cs18_desc,深入理解騰訊安全戰略目標，盛世量身定製多行業會議方案，以全流程嚴苛品控打造高端會議體驗。
cap5_label,海外
cap5_title,策略制定與落地運營
cap5_desc,橫跨歐洲、美洲、中亞、東南亞的品牌出海全鏈路服務。
cs19_tag,中亞 · 巡展
cs19_title,比亞迪烏茲別克巡展 BYD VILLEXPO
cs19_desc,完成塔什干、撒瑪律罕、納沃伊、布哈拉、烏爾根奇多城接力巡展，從單點突破到系統佈局。
cs20_tag,南美 · 上市
cs20_title,比亞迪巴西SHARK上市發佈會
cs20_desc,盛世自研自動化專屬展具，打造多元一體的品牌綜合互動空間，全面展現產品優勢，顛覆海外傳統體驗模式。
cs21_tag,北美 · 上市
cs21_title,比亞迪墨西哥元PRO上市發佈會
cs21_desc,從創意到製作、從關發到運維，以全球標準體系化運營平臺提供全週期服務。
cs22_tag,歐洲 · 上市
cs22_title,比亞迪德國騰勢品牌科隆上市活動
cs22_desc,精準呼應經銷商訴求與歐洲市場拓局需求，盛世以定製化方案助力比亞迪登陸德國科隆。
cs23_tag,歐洲 · 展覽
cs23_title,比亞迪英國約克郡Everything Electric展
cs23_desc,深度解碼英國本地消費語境，盛世以模塊化自動化展具與本土化創意內容，助力比亞迪破局『水土不服』。
cs24_tag,歐洲 · 科技日
cs24_title,寧德時代英國倫敦 TECH DAY 2026
cs24_desc,一站式落地寧德時代倫敦『TECH DAY』全流程，打造國際化高端展示平臺。
cs25_tag,東南亞 · 展覽
cs25_title,五菱吉隆坡國際車展
cs25_desc,根植馬來西亞文化，以地方元素改裝車打卡點引爆社交傳播，助力五菱深耕當地電動車市場影響力。
cs26_tag,北美 · 展覽
cs26_title,美國財富論壇·五糧液展區
cs26_desc,以國家級禮遇標準與文化端深度賦能，向世界呈現中國優秀傳統文化的獨特魅力。
cs27_tag,歐洲 · 推介
cs27_title,五糧液丹麥經貿合作推介交流會
cs27_desc,攜手四川省政府推動與北歐國家經貿、科技、文化交流，讓『中國的五糧液』成爲『世界的五糧液』。
cs28_tag,北美 · 文化
cs28_title,『和美樂章』五糧液中外經典名曲室內音樂會
cs28_desc,嫁接本土文化，盛世助力五糧液在華盛頓林肯劇院，以中西交融的藝術形式詮釋『和美』理念。
team_eyebrow,
team_title,
team_desc,以品牌曝光爲營銷催化劑、銷售轉化爲最終目標。
team_scroll_hint,橫向滑動查看
team_heading,盛世尖刀團隊
team_lead,從保障、突破、運營三大核心方向，組建盛世尖刀團隊，形成覆蓋全鏈路的專業能力體系，交付令人印象深刻的體驗，創造更大的商業價值。
tc1,策略規劃
tc2,創意設計
tc3,市場情報
tc4,資源拓展
tc5,產品研發
tc6,海外市場開拓
tc7,總結優化
tc8,場景實現
tc9,傳播經營
tg_support,保障團隊
tg_breakthrough,突破團隊
tg_operation,運營團隊
ct_eyebrow,
ct_title,踏浪向遠，共創不凡
ct_desc,
ct_btn,開啟合作
ft_brand,具有策略屬性和資源屬性的整合營銷公司
ft_nav_title,快速導航
ft_hq_title,全球網絡
ft_contact_title,聯繫方式
ft_hq1,北京 · 上海 · 瀋陽 · 廣州
ft_hq2,中國香港 · 馬德里 · 塔什干 · 吉隆坡
ft_copyright,© 2026 HEYDAY GROUP 版權所有。
